INDICATION; FINDINGS
Positive TB test; The cardiac silhouette and mediastinum size are within normal limits. There is no pulmonary edema. There is no focal consolidation. There are no XXXX of a pleural effusion. There is no evidence of pneumothorax.
Preop bariatric surgery.; Borderline cardiomegaly. Midline sternotomy XXXX. Enlarged pulmonary arteries. Clear lungs. Inferior XXXX XXXX XXXX.
rib pain after a XXXX, XXXX XXXX steps this XXXX. Pain to R back, R elbow and R rib XXXX, no previous heart or lung hx, non-XXXX, no hx ca; 
XXXX-year-old XXXX with XXXX.; There are diffuse bilateral interstitial and alveolar opacities consistent with chronic obstructive lung disease and bullous emphysema. There are irregular opacities in the left lung apex, that could represent a cavitary lesion in the left lung apex.There are streaky opacities in the right upper lobe, XXXX scarring. The cardiomediastinal silhouette is normal in size and contour. There is no pneumothorax or large pleural effusion.
Chest and nasal congestion.; The cardiomediastinal silhouette and pulmonary vasculature are within normal limits. There is no pneumothorax or pleural effusion. There are no focal areas of consolidation. Cholecystectomy clips are present. Small T-spine osteophytes. There is biapical pleural thickening, unchanged from prior. Mildly hyperexpanded lungs.
Evaluate for infection; Heart size and mediastinal contour are within normal limits. There is no focal airspace consolidation or suspicious pulmonary opacity. No pneumothorax or large pleural effusion. Mild degenerative change of the thoracic spine.
Preop lumbar surgery; The cardiac contours are normal. XXXX basilar atelectasis. The lungs are clear. Thoracic spondylosis. Lower cervical XXXX arthritis.
XXXX-year-old with XXXX on XXXX. Dyspnea. History of mitral valve prolapse.; The heart, pulmonary XXXX and mediastinum are within normal limits. There is no pleural effusion or pneumothorax. There is no focal air space opacity to suggest a pneumonia. There is an interim XXXX cervical spinal fusion partly evaluated.
Chest pain today. History of stent placement 7+ years ago.; The XXXX examination consists of frontal and lateral radiographs of the chest. The cardiac silhouette is not enlarged. There has been apparent interval increase in low density convexity at the left cardiophrenic XXXX. Calcified granuloma is again seen in the right upper lobe. There is no consolidation, pleural effusion or pneumothorax.
